Time,CPU Util,GPU Util,MEM Util,CPU Temp,GPU Temp,CPU Power Consumption,GPU Power Consumption
12:18:03,194.8,3,3.0194441311425297,55.6875,46,36.84,15.742
12:18:07,105.9,0,7.11199032228815,58.9375,47,39.39,42.399
12:18:11,106.9,0,7.1160202449554095,56.3125,47,38.95,42.158
12:18:14,104.9,0,7.121291088931793,55.1875,47,40.56,42.206
